Method,Job,AnalyzeLaunchVariance,EvaluateOverhead,MaxAbsoluteError,MaxRelativeError,MinInvokeCount,MinIterationTime,OutlierMode,Affinity,EnvironmentVariables,Jit,LargeAddressAware,Platform,PowerPlanMode,Runtime,AllowVeryLargeObjects,Concurrent,CpuGroups,Force,HeapAffinitizeMask,HeapCount,NoAffinitize,RetainVm,Server,Arguments,BuildConfiguration,Clock,EngineFactory,NuGetReferences,Toolchain,IsMutator,InvocationCount,IterationCount,IterationTime,LaunchCount,MaxIterationCount,MaxWarmupIterationCount,MemoryRandomization,MinIterationCount,MinWarmupIterationCount,RunStrategy,UnrollFactor,WarmupCount,Size,Iterations,Mean,Error,StdDev,Ratio,RatioSD,Allocated,Alloc Ratio
ManagedToManaged_ArrayCopy,Job-PGQRSE,False,Default,Default,Default,Default,Default,Default,11111111111111111111,Empty,RyuJit,Default,X64,8c5e7fda-e8bf-4a96-9a85-a6e23a8c635c,.NET 8.0,False,True,False,False,Default,Default,False,False,True,Default,Default,Default,Default,Default,Default,Default,Default,Default,Default,Default,Default,Default,Default,Default,Default,Default,16,Default,64,10000,17.316 μs,0.0373 μs,0.0330 μs,1.00,0.00,0 B,NA
ManagedToManaged_SpanCopy,Job-PGQRSE,False,Default,Default,Default,Default,Default,Default,11111111111111111111,Empty,RyuJit,Default,X64,8c5e7fda-e8bf-4a96-9a85-a6e23a8c635c,.NET 8.0,False,True,False,False,Default,Default,False,False,True,Default,Default,Default,Default,Default,Default,Default,Default,Default,Default,Default,Default,Default,Default,Default,Default,Default,16,Default,64,10000,16.234 μs,0.0262 μs,0.0245 μs,0.94,0.00,0 B,NA
ManagedToManaged_BufferMemoryCopy,Job-PGQRSE,False,Default,Default,Default,Default,Default,Default,11111111111111111111,Empty,RyuJit,Default,X64,8c5e7fda-e8bf-4a96-9a85-a6e23a8c635c,.NET 8.0,False,True,False,False,Default,Default,False,False,True,Default,Default,Default,Default,Default,Default,Default,Default,Default,Default,Default,Default,Default,Default,Default,Default,Default,16,Default,64,10000,19.336 μs,0.0452 μs,0.0423 μs,1.12,0.00,0 B,NA
ManagedToNative_MarshalCopy,Job-PGQRSE,False,Default,Default,Default,Default,Default,Default,11111111111111111111,Empty,RyuJit,Default,X64,8c5e7fda-e8bf-4a96-9a85-a6e23a8c635c,.NET 8.0,False,True,False,False,Default,Default,False,False,True,Default,Default,Default,Default,Default,Default,Default,Default,Default,Default,Default,Default,Default,Default,Default,Default,Default,16,Default,64,10000,11.170 μs,0.0209 μs,0.0185 μs,0.65,0.00,0 B,NA
ManagedToNative_BufferMemoryCopy,Job-PGQRSE,False,Default,Default,Default,Default,Default,Default,11111111111111111111,Empty,RyuJit,Default,X64,8c5e7fda-e8bf-4a96-9a85-a6e23a8c635c,.NET 8.0,False,True,False,False,Default,Default,False,False,True,Default,Default,Default,Default,Default,Default,Default,Default,Default,Default,Default,Default,Default,Default,Default,Default,Default,16,Default,64,10000,12.734 μs,0.0248 μs,0.0232 μs,0.74,0.00,0 B,NA
ManagedToNative_SpanCopy,Job-PGQRSE,False,Default,Default,Default,Default,Default,Default,11111111111111111111,Empty,RyuJit,Default,X64,8c5e7fda-e8bf-4a96-9a85-a6e23a8c635c,.NET 8.0,False,True,False,False,Default,Default,False,False,True,Default,Default,Default,Default,Default,Default,Default,Default,Default,Default,Default,Default,Default,Default,Default,Default,Default,16,Default,64,10000,10.714 μs,0.0505 μs,0.0448 μs,0.62,0.00,0 B,NA
NativeToManaged_MarshalCopy,Job-PGQRSE,False,Default,Default,Default,Default,Default,Default,11111111111111111111,Empty,RyuJit,Default,X64,8c5e7fda-e8bf-4a96-9a85-a6e23a8c635c,.NET 8.0,False,True,False,False,Default,Default,False,False,True,Default,Default,Default,Default,Default,Default,Default,Default,Default,Default,Default,Default,Default,Default,Default,Default,Default,16,Default,64,10000,11.037 μs,0.0209 μs,0.0196 μs,0.64,0.00,0 B,NA
NativeToManaged_BufferMemoryCopy,Job-PGQRSE,False,Default,Default,Default,Default,Default,Default,11111111111111111111,Empty,RyuJit,Default,X64,8c5e7fda-e8bf-4a96-9a85-a6e23a8c635c,.NET 8.0,False,True,False,False,Default,Default,False,False,True,Default,Default,Default,Default,Default,Default,Default,Default,Default,Default,Default,Default,Default,Default,Default,Default,Default,16,Default,64,10000,12.791 μs,0.0393 μs,0.0348 μs,0.74,0.00,0 B,NA
NativeToNative_BufferMemoryCopy,Job-PGQRSE,False,Default,Default,Default,Default,Default,Default,11111111111111111111,Empty,RyuJit,Default,X64,8c5e7fda-e8bf-4a96-9a85-a6e23a8c635c,.NET 8.0,False,True,False,False,Default,Default,False,False,True,Default,Default,Default,Default,Default,Default,Default,Default,Default,Default,Default,Default,Default,Default,Default,Default,Default,16,Default,64,10000,11.216 μs,0.0944 μs,0.0788 μs,0.65,0.00,0 B,NA
NativeToNative_UnsafeCopyBlock,Job-PGQRSE,False,Default,Default,Default,Default,Default,Default,11111111111111111111,Empty,RyuJit,Default,X64,8c5e7fda-e8bf-4a96-9a85-a6e23a8c635c,.NET 8.0,False,True,False,False,Default,Default,False,False,True,Default,Default,Default,Default,Default,Default,Default,Default,Default,Default,Default,Default,Default,Default,Default,Default,Default,16,Default,64,10000,8.773 μs,0.0143 μs,0.0119 μs,0.51,0.00,0 B,NA
ZeroCopy_FixedPointerPass,Job-PGQRSE,False,Default,Default,Default,Default,Default,Default,11111111111111111111,Empty,RyuJit,Default,X64,8c5e7fda-e8bf-4a96-9a85-a6e23a8c635c,.NET 8.0,False,True,False,False,Default,Default,False,False,True,Default,Default,Default,Default,Default,Default,Default,Default,Default,Default,Default,Default,Default,Default,Default,Default,Default,16,Default,64,10000,5.768 μs,0.0134 μs,0.0125 μs,0.33,0.00,0 B,NA
RoundTrip_ManagedNativeManaged,Job-PGQRSE,False,Default,Default,Default,Default,Default,Default,11111111111111111111,Empty,RyuJit,Default,X64,8c5e7fda-e8bf-4a96-9a85-a6e23a8c635c,.NET 8.0,False,True,False,False,Default,Default,False,False,True,Default,Default,Default,Default,Default,Default,Default,Default,Default,Default,Default,Default,Default,Default,Default,Default,Default,16,Default,64,10000,67.333 μs,0.1021 μs,0.0853 μs,3.89,0.01,0 B,NA
BatchTransfer_MultipleManagedToNative,Job-PGQRSE,False,Default,Default,Default,Default,Default,Default,11111111111111111111,Empty,RyuJit,Default,X64,8c5e7fda-e8bf-4a96-9a85-a6e23a8c635c,.NET 8.0,False,True,False,False,Default,Default,False,False,True,Default,Default,Default,Default,Default,Default,Default,Default,Default,Default,Default,Default,Default,Default,Default,Default,Default,16,Default,64,10000,46.869 μs,0.1057 μs,0.0988 μs,2.71,0.01,160 B,NA
ManagedToManaged_ArrayCopy,ShortRun,False,Default,Default,Default,Default,Default,Default,11111111111111111111,Empty,RyuJit,Default,X64,8c5e7fda-e8bf-4a96-9a85-a6e23a8c635c,.NET 8.0,False,True,False,True,Default,Default,False,False,True,Default,Default,Default,Default,Default,Default,Default,Default,3,Default,1,Default,Default,Default,Default,Default,Default,16,3,64,10000,15.971 μs,0.3390 μs,0.0186 μs,1.00,0.00,0 B,NA
ManagedToManaged_SpanCopy,ShortRun,False,Default,Default,Default,Default,Default,Default,11111111111111111111,Empty,RyuJit,Default,X64,8c5e7fda-e8bf-4a96-9a85-a6e23a8c635c,.NET 8.0,False,True,False,True,Default,Default,False,False,True,Default,Default,Default,Default,Default,Default,Default,Default,3,Default,1,Default,Default,Default,Default,Default,Default,16,3,64,10000,10.839 μs,0.3092 μs,0.0170 μs,0.68,0.00,0 B,NA
ManagedToManaged_BufferMemoryCopy,ShortRun,False,Default,Default,Default,Default,Default,Default,11111111111111111111,Empty,RyuJit,Default,X64,8c5e7fda-e8bf-4a96-9a85-a6e23a8c635c,.NET 8.0,False,True,False,True,Default,Default,False,False,True,Default,Default,Default,Default,Default,Default,Default,Default,3,Default,1,Default,Default,Default,Default,Default,Default,16,3,64,10000,16.954 μs,0.5705 μs,0.0313 μs,1.06,0.00,0 B,NA
ManagedToNative_MarshalCopy,ShortRun,False,Default,Default,Default,Default,Default,Default,11111111111111111111,Empty,RyuJit,Default,X64,8c5e7fda-e8bf-4a96-9a85-a6e23a8c635c,.NET 8.0,False,True,False,True,Default,Default,False,False,True,Default,Default,Default,Default,Default,Default,Default,Default,3,Default,1,Default,Default,Default,Default,Default,Default,16,3,64,10000,10.871 μs,0.3772 μs,0.0207 μs,0.68,0.00,0 B,NA
ManagedToNative_BufferMemoryCopy,ShortRun,False,Default,Default,Default,Default,Default,Default,11111111111111111111,Empty,RyuJit,Default,X64,8c5e7fda-e8bf-4a96-9a85-a6e23a8c635c,.NET 8.0,False,True,False,True,Default,Default,False,False,True,Default,Default,Default,Default,Default,Default,Default,Default,3,Default,1,Default,Default,Default,Default,Default,Default,16,3,64,10000,12.766 μs,0.1608 μs,0.0088 μs,0.80,0.00,0 B,NA
ManagedToNative_SpanCopy,ShortRun,False,Default,Default,Default,Default,Default,Default,11111111111111111111,Empty,RyuJit,Default,X64,8c5e7fda-e8bf-4a96-9a85-a6e23a8c635c,.NET 8.0,False,True,False,True,Default,Default,False,False,True,Default,Default,Default,Default,Default,Default,Default,Default,3,Default,1,Default,Default,Default,Default,Default,Default,16,3,64,10000,10.692 μs,0.1699 μs,0.0093 μs,0.67,0.00,0 B,NA
NativeToManaged_MarshalCopy,ShortRun,False,Default,Default,Default,Default,Default,Default,11111111111111111111,Empty,RyuJit,Default,X64,8c5e7fda-e8bf-4a96-9a85-a6e23a8c635c,.NET 8.0,False,True,False,True,Default,Default,False,False,True,Default,Default,Default,Default,Default,Default,Default,Default,3,Default,1,Default,Default,Default,Default,Default,Default,16,3,64,10000,10.851 μs,0.6217 μs,0.0341 μs,0.68,0.00,0 B,NA
NativeToManaged_BufferMemoryCopy,ShortRun,False,Default,Default,Default,Default,Default,Default,11111111111111111111,Empty,RyuJit,Default,X64,8c5e7fda-e8bf-4a96-9a85-a6e23a8c635c,.NET 8.0,False,True,False,True,Default,Default,False,False,True,Default,Default,Default,Default,Default,Default,Default,Default,3,Default,1,Default,Default,Default,Default,Default,Default,16,3,64,10000,12.768 μs,0.3959 μs,0.0217 μs,0.80,0.00,0 B,NA
NativeToNative_BufferMemoryCopy,ShortRun,False,Default,Default,Default,Default,Default,Default,11111111111111111111,Empty,RyuJit,Default,X64,8c5e7fda-e8bf-4a96-9a85-a6e23a8c635c,.NET 8.0,False,True,False,True,Default,Default,False,False,True,Default,Default,Default,Default,Default,Default,Default,Default,3,Default,1,Default,Default,Default,Default,Default,Default,16,3,64,10000,11.209 μs,2.9524 μs,0.1618 μs,0.70,0.01,0 B,NA
NativeToNative_UnsafeCopyBlock,ShortRun,False,Default,Default,Default,Default,Default,Default,11111111111111111111,Empty,RyuJit,Default,X64,8c5e7fda-e8bf-4a96-9a85-a6e23a8c635c,.NET 8.0,False,True,False,True,Default,Default,False,False,True,Default,Default,Default,Default,Default,Default,Default,Default,3,Default,1,Default,Default,Default,Default,Default,Default,16,3,64,10000,8.018 μs,0.1608 μs,0.0088 μs,0.50,0.00,0 B,NA
ZeroCopy_FixedPointerPass,ShortRun,False,Default,Default,Default,Default,Default,Default,11111111111111111111,Empty,RyuJit,Default,X64,8c5e7fda-e8bf-4a96-9a85-a6e23a8c635c,.NET 8.0,False,True,False,True,Default,Default,False,False,True,Default,Default,Default,Default,Default,Default,Default,Default,3,Default,1,Default,Default,Default,Default,Default,Default,16,3,64,10000,5.787 μs,0.0659 μs,0.0036 μs,0.36,0.00,0 B,NA
RoundTrip_ManagedNativeManaged,ShortRun,False,Default,Default,Default,Default,Default,Default,11111111111111111111,Empty,RyuJit,Default,X64,8c5e7fda-e8bf-4a96-9a85-a6e23a8c635c,.NET 8.0,False,True,False,True,Default,Default,False,False,True,Default,Default,Default,Default,Default,Default,Default,Default,3,Default,1,Default,Default,Default,Default,Default,Default,16,3,64,10000,67.237 μs,0.3911 μs,0.0214 μs,4.21,0.00,0 B,NA
BatchTransfer_MultipleManagedToNative,ShortRun,False,Default,Default,Default,Default,Default,Default,11111111111111111111,Empty,RyuJit,Default,X64,8c5e7fda-e8bf-4a96-9a85-a6e23a8c635c,.NET 8.0,False,True,False,True,Default,Default,False,False,True,Default,Default,Default,Default,Default,Default,Default,Default,3,Default,1,Default,Default,Default,Default,Default,Default,16,3,64,10000,46.706 μs,0.0222 μs,0.0012 μs,2.92,0.00,160 B,NA
ManagedToManaged_ArrayCopy,Job-PGQRSE,False,Default,Default,Default,Default,Default,Default,11111111111111111111,Empty,RyuJit,Default,X64,8c5e7fda-e8bf-4a96-9a85-a6e23a8c635c,.NET 8.0,False,True,False,False,Default,Default,False,False,True,Default,Default,Default,Default,Default,Default,Default,Default,Default,Default,Default,Default,Default,Default,Default,Default,Default,16,Default,1024,10000,107.423 μs,0.2260 μs,0.2114 μs,1.00,0.00,0 B,NA
ManagedToManaged_SpanCopy,Job-PGQRSE,False,Default,Default,Default,Default,Default,Default,11111111111111111111,Empty,RyuJit,Default,X64,8c5e7fda-e8bf-4a96-9a85-a6e23a8c635c,.NET 8.0,False,True,False,False,Default,Default,False,False,True,Default,Default,Default,Default,Default,Default,Default,Default,Default,Default,Default,Default,Default,Default,Default,Default,Default,16,Default,1024,10000,107.413 μs,0.2227 μs,0.2083 μs,1.00,0.00,0 B,NA
ManagedToManaged_BufferMemoryCopy,Job-PGQRSE,False,Default,Default,Default,Default,Default,Default,11111111111111111111,Empty,RyuJit,Default,X64,8c5e7fda-e8bf-4a96-9a85-a6e23a8c635c,.NET 8.0,False,True,False,False,Default,Default,False,False,True,Default,Default,Default,Default,Default,Default,Default,Default,Default,Default,Default,Default,Default,Default,Default,Default,Default,16,Default,1024,10000,111.633 μs,0.1779 μs,0.1664 μs,1.04,0.00,0 B,NA
ManagedToNative_MarshalCopy,Job-PGQRSE,False,Default,Default,Default,Default,Default,Default,11111111111111111111,Empty,RyuJit,Default,X64,8c5e7fda-e8bf-4a96-9a85-a6e23a8c635c,.NET 8.0,False,True,False,False,Default,Default,False,False,True,Default,Default,Default,Default,Default,Default,Default,Default,Default,Default,Default,Default,Default,Default,Default,Default,Default,16,Default,1024,10000,46.662 μs,0.0293 μs,0.0274 μs,0.43,0.00,0 B,NA
ManagedToNative_BufferMemoryCopy,Job-PGQRSE,False,Default,Default,Default,Default,Default,Default,11111111111111111111,Empty,RyuJit,Default,X64,8c5e7fda-e8bf-4a96-9a85-a6e23a8c635c,.NET 8.0,False,True,False,False,Default,Default,False,False,True,Default,Default,Default,Default,Default,Default,Default,Default,Default,Default,Default,Default,Default,Default,Default,Default,Default,16,Default,1024,10000,159.907 μs,0.3575 μs,0.3344 μs,1.49,0.00,0 B,NA
ManagedToNative_SpanCopy,Job-PGQRSE,False,Default,Default,Default,Default,Default,Default,11111111111111111111,Empty,RyuJit,Default,X64,8c5e7fda-e8bf-4a96-9a85-a6e23a8c635c,.NET 8.0,False,True,False,False,Default,Default,False,False,True,Default,Default,Default,Default,Default,Default,Default,Default,Default,Default,Default,Default,Default,Default,Default,Default,Default,16,Default,1024,10000,166.179 μs,0.2053 μs,0.1920 μs,1.55,0.00,0 B,NA
NativeToManaged_MarshalCopy,Job-PGQRSE,False,Default,Default,Default,Default,Default,Default,11111111111111111111,Empty,RyuJit,Default,X64,8c5e7fda-e8bf-4a96-9a85-a6e23a8c635c,.NET 8.0,False,True,False,False,Default,Default,False,False,True,Default,Default,Default,Default,Default,Default,Default,Default,Default,Default,Default,Default,Default,Default,Default,Default,Default,16,Default,1024,10000,107.382 μs,0.1606 μs,0.1424 μs,1.00,0.00,0 B,NA
NativeToManaged_BufferMemoryCopy,Job-PGQRSE,False,Default,Default,Default,Default,Default,Default,11111111111111111111,Empty,RyuJit,Default,X64,8c5e7fda-e8bf-4a96-9a85-a6e23a8c635c,.NET 8.0,False,True,False,False,Default,Default,False,False,True,Default,Default,Default,Default,Default,Default,Default,Default,Default,Default,Default,Default,Default,Default,Default,Default,Default,16,Default,1024,10000,109.670 μs,0.2681 μs,0.2508 μs,1.02,0.00,0 B,NA
NativeToNative_BufferMemoryCopy,Job-PGQRSE,False,Default,Default,Default,Default,Default,Default,11111111111111111111,Empty,RyuJit,Default,X64,8c5e7fda-e8bf-4a96-9a85-a6e23a8c635c,.NET 8.0,False,True,False,False,Default,Default,False,False,True,Default,Default,Default,Default,Default,Default,Default,Default,Default,Default,Default,Default,Default,Default,Default,Default,Default,16,Default,1024,10000,155.578 μs,0.2764 μs,0.2586 μs,1.45,0.00,0 B,NA
NativeToNative_UnsafeCopyBlock,Job-PGQRSE,False,Default,Default,Default,Default,Default,Default,11111111111111111111,Empty,RyuJit,Default,X64,8c5e7fda-e8bf-4a96-9a85-a6e23a8c635c,.NET 8.0,False,True,False,False,Default,Default,False,False,True,Default,Default,Default,Default,Default,Default,Default,Default,Default,Default,Default,Default,Default,Default,Default,Default,Default,16,Default,1024,10000,60.830 μs,0.0884 μs,0.0784 μs,0.57,0.00,0 B,NA
ZeroCopy_FixedPointerPass,Job-PGQRSE,False,Default,Default,Default,Default,Default,Default,11111111111111111111,Empty,RyuJit,Default,X64,8c5e7fda-e8bf-4a96-9a85-a6e23a8c635c,.NET 8.0,False,True,False,False,Default,Default,False,False,True,Default,Default,Default,Default,Default,Default,Default,Default,Default,Default,Default,Default,Default,Default,Default,Default,Default,16,Default,1024,10000,5.761 μs,0.0119 μs,0.0106 μs,0.05,0.00,0 B,NA
RoundTrip_ManagedNativeManaged,Job-PGQRSE,False,Default,Default,Default,Default,Default,Default,11111111111111111111,Empty,RyuJit,Default,X64,8c5e7fda-e8bf-4a96-9a85-a6e23a8c635c,.NET 8.0,False,True,False,False,Default,Default,False,False,True,Default,Default,Default,Default,Default,Default,Default,Default,Default,Default,Default,Default,Default,Default,Default,Default,Default,16,Default,1024,10000,201.407 μs,0.2567 μs,0.2276 μs,1.87,0.00,0 B,NA
BatchTransfer_MultipleManagedToNative,Job-PGQRSE,False,Default,Default,Default,Default,Default,Default,11111111111111111111,Empty,RyuJit,Default,X64,8c5e7fda-e8bf-4a96-9a85-a6e23a8c635c,.NET 8.0,False,True,False,False,Default,Default,False,False,True,Default,Default,Default,Default,Default,Default,Default,Default,Default,Default,Default,Default,Default,Default,Default,Default,Default,16,Default,1024,10000,147.796 μs,0.5113 μs,0.4783 μs,1.38,0.01,1120 B,NA
ManagedToManaged_ArrayCopy,ShortRun,False,Default,Default,Default,Default,Default,Default,11111111111111111111,Empty,RyuJit,Default,X64,8c5e7fda-e8bf-4a96-9a85-a6e23a8c635c,.NET 8.0,False,True,False,True,Default,Default,False,False,True,Default,Default,Default,Default,Default,Default,Default,Default,3,Default,1,Default,Default,Default,Default,Default,Default,16,3,1024,10000,103.026 μs,1.0920 μs,0.0599 μs,1.00,0.00,0 B,NA
ManagedToManaged_SpanCopy,ShortRun,False,Default,Default,Default,Default,Default,Default,11111111111111111111,Empty,RyuJit,Default,X64,8c5e7fda-e8bf-4a96-9a85-a6e23a8c635c,.NET 8.0,False,True,False,True,Default,Default,False,False,True,Default,Default,Default,Default,Default,Default,Default,Default,3,Default,1,Default,Default,Default,Default,Default,Default,16,3,1024,10000,103.268 μs,1.6456 μs,0.0902 μs,1.00,0.00,0 B,NA
ManagedToManaged_BufferMemoryCopy,ShortRun,False,Default,Default,Default,Default,Default,Default,11111111111111111111,Empty,RyuJit,Default,X64,8c5e7fda-e8bf-4a96-9a85-a6e23a8c635c,.NET 8.0,False,True,False,True,Default,Default,False,False,True,Default,Default,Default,Default,Default,Default,Default,Default,3,Default,1,Default,Default,Default,Default,Default,Default,16,3,1024,10000,164.022 μs,9.0399 μs,0.4955 μs,1.59,0.00,0 B,NA
ManagedToNative_MarshalCopy,ShortRun,False,Default,Default,Default,Default,Default,Default,11111111111111111111,Empty,RyuJit,Default,X64,8c5e7fda-e8bf-4a96-9a85-a6e23a8c635c,.NET 8.0,False,True,False,True,Default,Default,False,False,True,Default,Default,Default,Default,Default,Default,Default,Default,3,Default,1,Default,Default,Default,Default,Default,Default,16,3,1024,10000,105.164 μs,1.3103 μs,0.0718 μs,1.02,0.00,0 B,NA
ManagedToNative_BufferMemoryCopy,ShortRun,False,Default,Default,Default,Default,Default,Default,11111111111111111111,Empty,RyuJit,Default,X64,8c5e7fda-e8bf-4a96-9a85-a6e23a8c635c,.NET 8.0,False,True,False,True,Default,Default,False,False,True,Default,Default,Default,Default,Default,Default,Default,Default,3,Default,1,Default,Default,Default,Default,Default,Default,16,3,1024,10000,160.353 μs,15.6901 μs,0.8600 μs,1.56,0.01,0 B,NA
ManagedToNative_SpanCopy,ShortRun,False,Default,Default,Default,Default,Default,Default,11111111111111111111,Empty,RyuJit,Default,X64,8c5e7fda-e8bf-4a96-9a85-a6e23a8c635c,.NET 8.0,False,True,False,True,Default,Default,False,False,True,Default,Default,Default,Default,Default,Default,Default,Default,3,Default,1,Default,Default,Default,Default,Default,Default,16,3,1024,10000,65.613 μs,2.9744 μs,0.1630 μs,0.64,0.00,0 B,NA
NativeToManaged_MarshalCopy,ShortRun,False,Default,Default,Default,Default,Default,Default,11111111111111111111,Empty,RyuJit,Default,X64,8c5e7fda-e8bf-4a96-9a85-a6e23a8c635c,.NET 8.0,False,True,False,True,Default,Default,False,False,True,Default,Default,Default,Default,Default,Default,Default,Default,3,Default,1,Default,Default,Default,Default,Default,Default,16,3,1024,10000,103.110 μs,2.9018 μs,0.1591 μs,1.00,0.00,0 B,NA
NativeToManaged_BufferMemoryCopy,ShortRun,False,Default,Default,Default,Default,Default,Default,11111111111111111111,Empty,RyuJit,Default,X64,8c5e7fda-e8bf-4a96-9a85-a6e23a8c635c,.NET 8.0,False,True,False,True,Default,Default,False,False,True,Default,Default,Default,Default,Default,Default,Default,Default,3,Default,1,Default,Default,Default,Default,Default,Default,16,3,1024,10000,107.347 μs,2.6368 μs,0.1445 μs,1.04,0.00,0 B,NA
NativeToNative_BufferMemoryCopy,ShortRun,False,Default,Default,Default,Default,Default,Default,11111111111111111111,Empty,RyuJit,Default,X64,8c5e7fda-e8bf-4a96-9a85-a6e23a8c635c,.NET 8.0,False,True,False,True,Default,Default,False,False,True,Default,Default,Default,Default,Default,Default,Default,Default,3,Default,1,Default,Default,Default,Default,Default,Default,16,3,1024,10000,103.428 μs,7.4482 μs,0.4083 μs,1.00,0.00,0 B,NA
NativeToNative_UnsafeCopyBlock,ShortRun,False,Default,Default,Default,Default,Default,Default,11111111111111111111,Empty,RyuJit,Default,X64,8c5e7fda-e8bf-4a96-9a85-a6e23a8c635c,.NET 8.0,False,True,False,True,Default,Default,False,False,True,Default,Default,Default,Default,Default,Default,Default,Default,3,Default,1,Default,Default,Default,Default,Default,Default,16,3,1024,10000,55.660 μs,4.6653 μs,0.2557 μs,0.54,0.00,0 B,NA
ZeroCopy_FixedPointerPass,ShortRun,False,Default,Default,Default,Default,Default,Default,11111111111111111111,Empty,RyuJit,Default,X64,8c5e7fda-e8bf-4a96-9a85-a6e23a8c635c,.NET 8.0,False,True,False,True,Default,Default,False,False,True,Default,Default,Default,Default,Default,Default,Default,Default,3,Default,1,Default,Default,Default,Default,Default,Default,16,3,1024,10000,5.770 μs,0.0941 μs,0.0052 μs,0.06,0.00,0 B,NA
RoundTrip_ManagedNativeManaged,ShortRun,False,Default,Default,Default,Default,Default,Default,11111111111111111111,Empty,RyuJit,Default,X64,8c5e7fda-e8bf-4a96-9a85-a6e23a8c635c,.NET 8.0,False,True,False,True,Default,Default,False,False,True,Default,Default,Default,Default,Default,Default,Default,Default,3,Default,1,Default,Default,Default,Default,Default,Default,16,3,1024,10000,195.154 μs,6.3826 μs,0.3499 μs,1.89,0.00,0 B,NA
BatchTransfer_MultipleManagedToNative,ShortRun,False,Default,Default,Default,Default,Default,Default,11111111111111111111,Empty,RyuJit,Default,X64,8c5e7fda-e8bf-4a96-9a85-a6e23a8c635c,.NET 8.0,False,True,False,True,Default,Default,False,False,True,Default,Default,Default,Default,Default,Default,Default,Default,3,Default,1,Default,Default,Default,Default,Default,Default,16,3,1024,10000,96.404 μs,2.9257 μs,0.1604 μs,0.94,0.00,1120 B,NA
ManagedToManaged_ArrayCopy,Job-PGQRSE,False,Default,Default,Default,Default,Default,Default,11111111111111111111,Empty,RyuJit,Default,X64,8c5e7fda-e8bf-4a96-9a85-a6e23a8c635c,.NET 8.0,False,True,False,False,Default,Default,False,False,True,Default,Default,Default,Default,Default,Default,Default,Default,Default,Default,Default,Default,Default,Default,Default,Default,Default,16,Default,65536,10000,"10,904.691 μs",66.5447 μs,62.2460 μs,1.000,0.01,12 B,1.00
ManagedToManaged_SpanCopy,Job-PGQRSE,False,Default,Default,Default,Default,Default,Default,11111111111111111111,Empty,RyuJit,Default,X64,8c5e7fda-e8bf-4a96-9a85-a6e23a8c635c,.NET 8.0,False,True,False,False,Default,Default,False,False,True,Default,Default,Default,Default,Default,Default,Default,Default,Default,Default,Default,Default,Default,Default,Default,Default,Default,16,Default,65536,10000,"10,743.361 μs",14.1004 μs,13.1895 μs,0.985,0.01,12 B,1.00
ManagedToManaged_BufferMemoryCopy,Job-PGQRSE,False,Default,Default,Default,Default,Default,Default,11111111111111111111,Empty,RyuJit,Default,X64,8c5e7fda-e8bf-4a96-9a85-a6e23a8c635c,.NET 8.0,False,True,False,False,Default,Default,False,False,True,Default,Default,Default,Default,Default,Default,Default,Default,Default,Default,Default,Default,Default,Default,Default,Default,Default,16,Default,65536,10000,"11,031.686 μs",32.4790 μs,30.3809 μs,1.012,0.01,12 B,1.00
ManagedToNative_MarshalCopy,Job-PGQRSE,False,Default,Default,Default,Default,Default,Default,11111111111111111111,Empty,RyuJit,Default,X64,8c5e7fda-e8bf-4a96-9a85-a6e23a8c635c,.NET 8.0,False,True,False,False,Default,Default,False,False,True,Default,Default,Default,Default,Default,Default,Default,Default,Default,Default,Default,Default,Default,Default,Default,Default,Default,16,Default,65536,10000,"8,450.150 μs",19.3543 μs,18.1040 μs,0.775,0.00,12 B,1.00
ManagedToNative_BufferMemoryCopy,Job-PGQRSE,False,Default,Default,Default,Default,Default,Default,11111111111111111111,Empty,RyuJit,Default,X64,8c5e7fda-e8bf-4a96-9a85-a6e23a8c635c,.NET 8.0,False,True,False,False,Default,Default,False,False,True,Default,Default,Default,Default,Default,Default,Default,Default,Default,Default,Default,Default,Default,Default,Default,Default,Default,16,Default,65536,10000,"9,718.742 μs",15.7042 μs,14.6897 μs,0.891,0.01,12 B,1.00
ManagedToNative_SpanCopy,Job-PGQRSE,False,Default,Default,Default,Default,Default,Default,11111111111111111111,Empty,RyuJit,Default,X64,8c5e7fda-e8bf-4a96-9a85-a6e23a8c635c,.NET 8.0,False,True,False,False,Default,Default,False,False,True,Default,Default,Default,Default,Default,Default,Default,Default,Default,Default,Default,Default,Default,Default,Default,Default,Default,16,Default,65536,10000,"9,384.475 μs",19.1365 μs,16.9640 μs,0.861,0.00,12 B,1.00
NativeToManaged_MarshalCopy,Job-PGQRSE,False,Default,Default,Default,Default,Default,Default,11111111111111111111,Empty,RyuJit,Default,X64,8c5e7fda-e8bf-4a96-9a85-a6e23a8c635c,.NET 8.0,False,True,False,False,Default,Default,False,False,True,Default,Default,Default,Default,Default,Default,Default,Default,Default,Default,Default,Default,Default,Default,Default,Default,Default,16,Default,65536,10000,"8,490.681 μs",18.2031 μs,17.0271 μs,0.779,0.00,12 B,1.00
NativeToManaged_BufferMemoryCopy,Job-PGQRSE,False,Default,Default,Default,Default,Default,Default,11111111111111111111,Empty,RyuJit,Default,X64,8c5e7fda-e8bf-4a96-9a85-a6e23a8c635c,.NET 8.0,False,True,False,False,Default,Default,False,False,True,Default,Default,Default,Default,Default,Default,Default,Default,Default,Default,Default,Default,Default,Default,Default,Default,Default,16,Default,65536,10000,"9,376.696 μs",12.8005 μs,11.9736 μs,0.860,0.00,12 B,1.00
NativeToNative_BufferMemoryCopy,Job-PGQRSE,False,Default,Default,Default,Default,Default,Default,11111111111111111111,Empty,RyuJit,Default,X64,8c5e7fda-e8bf-4a96-9a85-a6e23a8c635c,.NET 8.0,False,True,False,False,Default,Default,False,False,True,Default,Default,Default,Default,Default,Default,Default,Default,Default,Default,Default,Default,Default,Default,Default,Default,Default,16,Default,65536,10000,"9,926.161 μs",14.9617 μs,13.9952 μs,0.910,0.01,12 B,1.00
NativeToNative_UnsafeCopyBlock,Job-PGQRSE,False,Default,Default,Default,Default,Default,Default,11111111111111111111,Empty,RyuJit,Default,X64,8c5e7fda-e8bf-4a96-9a85-a6e23a8c635c,.NET 8.0,False,True,False,False,Default,Default,False,False,True,Default,Default,Default,Default,Default,Default,Default,Default,Default,Default,Default,Default,Default,Default,Default,Default,Default,16,Default,65536,10000,"10,322.619 μs",24.0960 μs,22.5394 μs,0.947,0.01,12 B,1.00
ZeroCopy_FixedPointerPass,Job-PGQRSE,False,Default,Default,Default,Default,Default,Default,11111111111111111111,Empty,RyuJit,Default,X64,8c5e7fda-e8bf-4a96-9a85-a6e23a8c635c,.NET 8.0,False,True,False,False,Default,Default,False,False,True,Default,Default,Default,Default,Default,Default,Default,Default,Default,Default,Default,Default,Default,Default,Default,Default,Default,16,Default,65536,10000,5.852 μs,0.0178 μs,0.0166 μs,0.001,0.00,0 B,0.00
RoundTrip_ManagedNativeManaged,Job-PGQRSE,False,Default,Default,Default,Default,Default,Default,11111111111111111111,Empty,RyuJit,Default,X64,8c5e7fda-e8bf-4a96-9a85-a6e23a8c635c,.NET 8.0,False,True,False,False,Default,Default,False,False,True,Default,Default,Default,Default,Default,Default,Default,Default,Default,Default,Default,Default,Default,Default,Default,Default,Default,16,Default,65536,10000,"19,204.813 μs",47.8608 μs,42.4273 μs,1.761,0.01,24 B,2.00
BatchTransfer_MultipleManagedToNative,Job-PGQRSE,False,Default,Default,Default,Default,Default,Default,11111111111111111111,Empty,RyuJit,Default,X64,8c5e7fda-e8bf-4a96-9a85-a6e23a8c635c,.NET 8.0,False,True,False,False,Default,Default,False,False,True,Default,Default,Default,Default,Default,Default,Default,Default,Default,Default,Default,Default,Default,Default,Default,Default,Default,16,Default,65536,10000,"9,705.128 μs",40.0122 μs,35.4697 μs,0.890,0.01,65644 B,"5,470.33"
ManagedToManaged_ArrayCopy,ShortRun,False,Default,Default,Default,Default,Default,Default,11111111111111111111,Empty,RyuJit,Default,X64,8c5e7fda-e8bf-4a96-9a85-a6e23a8c635c,.NET 8.0,False,True,False,True,Default,Default,False,False,True,Default,Default,Default,Default,Default,Default,Default,Default,3,Default,1,Default,Default,Default,Default,Default,Default,16,3,65536,10000,"10,455.605 μs",291.2479 μs,15.9643 μs,1.000,0.00,12 B,1.00
ManagedToManaged_SpanCopy,ShortRun,False,Default,Default,Default,Default,Default,Default,11111111111111111111,Empty,RyuJit,Default,X64,8c5e7fda-e8bf-4a96-9a85-a6e23a8c635c,.NET 8.0,False,True,False,True,Default,Default,False,False,True,Default,Default,Default,Default,Default,Default,Default,Default,3,Default,1,Default,Default,Default,Default,Default,Default,16,3,65536,10000,"9,923.682 μs",250.4798 μs,13.7296 μs,0.949,0.00,12 B,1.00
ManagedToManaged_BufferMemoryCopy,ShortRun,False,Default,Default,Default,Default,Default,Default,11111111111111111111,Empty,RyuJit,Default,X64,8c5e7fda-e8bf-4a96-9a85-a6e23a8c635c,.NET 8.0,False,True,False,True,Default,Default,False,False,True,Default,Default,Default,Default,Default,Default,Default,Default,3,Default,1,Default,Default,Default,Default,Default,Default,16,3,65536,10000,"10,716.899 μs",125.9498 μs,6.9037 μs,1.025,0.00,12 B,1.00
ManagedToNative_MarshalCopy,ShortRun,False,Default,Default,Default,Default,Default,Default,11111111111111111111,Empty,RyuJit,Default,X64,8c5e7fda-e8bf-4a96-9a85-a6e23a8c635c,.NET 8.0,False,True,False,True,Default,Default,False,False,True,Default,Default,Default,Default,Default,Default,Default,Default,3,Default,1,Default,Default,Default,Default,Default,Default,16,3,65536,10000,"9,516.268 μs",218.2855 μs,11.9650 μs,0.910,0.00,12 B,1.00
ManagedToNative_BufferMemoryCopy,ShortRun,False,Default,Default,Default,Default,Default,Default,11111111111111111111,Empty,RyuJit,Default,X64,8c5e7fda-e8bf-4a96-9a85-a6e23a8c635c,.NET 8.0,False,True,False,True,Default,Default,False,False,True,Default,Default,Default,Default,Default,Default,Default,Default,3,Default,1,Default,Default,Default,Default,Default,Default,16,3,65536,10000,"9,332.644 μs",495.2943 μs,27.1488 μs,0.893,0.00,12 B,1.00
ManagedToNative_SpanCopy,ShortRun,False,Default,Default,Default,Default,Default,Default,11111111111111111111,Empty,RyuJit,Default,X64,8c5e7fda-e8bf-4a96-9a85-a6e23a8c635c,.NET 8.0,False,True,False,True,Default,Default,False,False,True,Default,Default,Default,Default,Default,Default,Default,Default,3,Default,1,Default,Default,Default,Default,Default,Default,16,3,65536,10000,"9,600.269 μs",251.0450 μs,13.7606 μs,0.918,0.00,12 B,1.00
NativeToManaged_MarshalCopy,ShortRun,False,Default,Default,Default,Default,Default,Default,11111111111111111111,Empty,RyuJit,Default,X64,8c5e7fda-e8bf-4a96-9a85-a6e23a8c635c,.NET 8.0,False,True,False,True,Default,Default,False,False,True,Default,Default,Default,Default,Default,Default,Default,Default,3,Default,1,Default,Default,Default,Default,Default,Default,16,3,65536,10000,"9,472.131 μs",118.0032 μs,6.4682 μs,0.906,0.00,12 B,1.00
NativeToManaged_BufferMemoryCopy,ShortRun,False,Default,Default,Default,Default,Default,Default,11111111111111111111,Empty,RyuJit,Default,X64,8c5e7fda-e8bf-4a96-9a85-a6e23a8c635c,.NET 8.0,False,True,False,True,Default,Default,False,False,True,Default,Default,Default,Default,Default,Default,Default,Default,3,Default,1,Default,Default,Default,Default,Default,Default,16,3,65536,10000,"9,381.008 μs",112.5395 μs,6.1687 μs,0.897,0.00,12 B,1.00
NativeToNative_BufferMemoryCopy,ShortRun,False,Default,Default,Default,Default,Default,Default,11111111111111111111,Empty,RyuJit,Default,X64,8c5e7fda-e8bf-4a96-9a85-a6e23a8c635c,.NET 8.0,False,True,False,True,Default,Default,False,False,True,Default,Default,Default,Default,Default,Default,Default,Default,3,Default,1,Default,Default,Default,Default,Default,Default,16,3,65536,10000,"10,423.139 μs",96.0436 μs,5.2645 μs,0.997,0.00,12 B,1.00
NativeToNative_UnsafeCopyBlock,ShortRun,False,Default,Default,Default,Default,Default,Default,11111111111111111111,Empty,RyuJit,Default,X64,8c5e7fda-e8bf-4a96-9a85-a6e23a8c635c,.NET 8.0,False,True,False,True,Default,Default,False,False,True,Default,Default,Default,Default,Default,Default,Default,Default,3,Default,1,Default,Default,Default,Default,Default,Default,16,3,65536,10000,"9,911.993 μs",249.2193 μs,13.6606 μs,0.948,0.00,12 B,1.00
ZeroCopy_FixedPointerPass,ShortRun,False,Default,Default,Default,Default,Default,Default,11111111111111111111,Empty,RyuJit,Default,X64,8c5e7fda-e8bf-4a96-9a85-a6e23a8c635c,.NET 8.0,False,True,False,True,Default,Default,False,False,True,Default,Default,Default,Default,Default,Default,Default,Default,3,Default,1,Default,Default,Default,Default,Default,Default,16,3,65536,10000,5.780 μs,0.2810 μs,0.0154 μs,0.001,0.00,0 B,0.00
RoundTrip_ManagedNativeManaged,ShortRun,False,Default,Default,Default,Default,Default,Default,11111111111111111111,Empty,RyuJit,Default,X64,8c5e7fda-e8bf-4a96-9a85-a6e23a8c635c,.NET 8.0,False,True,False,True,Default,Default,False,False,True,Default,Default,Default,Default,Default,Default,Default,Default,3,Default,1,Default,Default,Default,Default,Default,Default,16,3,65536,10000,"19,211.933 μs",711.7034 μs,39.0109 μs,1.837,0.00,23 B,1.92
BatchTransfer_MultipleManagedToNative,ShortRun,False,Default,Default,Default,Default,Default,Default,11111111111111111111,Empty,RyuJit,Default,X64,8c5e7fda-e8bf-4a96-9a85-a6e23a8c635c,.NET 8.0,False,True,False,True,Default,Default,False,False,True,Default,Default,Default,Default,Default,Default,Default,Default,3,Default,1,Default,Default,Default,Default,Default,Default,16,3,65536,10000,"9,713.410 μs",277.3690 μs,15.2035 μs,0.929,0.00,65644 B,"5,470.33"
ManagedToManaged_ArrayCopy,Job-PGQRSE,False,Default,Default,Default,Default,Default,Default,11111111111111111111,Empty,RyuJit,Default,X64,8c5e7fda-e8bf-4a96-9a85-a6e23a8c635c,.NET 8.0,False,True,False,False,Default,Default,False,False,True,Default,Default,Default,Default,Default,Default,Default,Default,Default,Default,Default,Default,Default,Default,Default,Default,Default,16,Default,1048576,10000,"155,910.616 μs",565.6924 μs,529.1490 μs,1.000,0.00,196 B,1.00
ManagedToManaged_SpanCopy,Job-PGQRSE,False,Default,Default,Default,Default,Default,Default,11111111111111111111,Empty,RyuJit,Default,X64,8c5e7fda-e8bf-4a96-9a85-a6e23a8c635c,.NET 8.0,False,True,False,False,Default,Default,False,False,True,Default,Default,Default,Default,Default,Default,Default,Default,Default,Default,Default,Default,Default,Default,Default,Default,Default,16,Default,1048576,10000,"153,271.470 μs",514.4772 μs,481.2423 μs,0.983,0.00,196 B,1.00
ManagedToManaged_BufferMemoryCopy,Job-PGQRSE,False,Default,Default,Default,Default,Default,Default,11111111111111111111,Empty,RyuJit,Default,X64,8c5e7fda-e8bf-4a96-9a85-a6e23a8c635c,.NET 8.0,False,True,False,False,Default,Default,False,False,True,Default,Default,Default,Default,Default,Default,Default,Default,Default,Default,Default,Default,Default,Default,Default,Default,Default,16,Default,1048576,10000,"154,670.371 μs",877.4479 μs,820.7653 μs,0.992,0.01,196 B,1.00
ManagedToNative_MarshalCopy,Job-PGQRSE,False,Default,Default,Default,Default,Default,Default,11111111111111111111,Empty,RyuJit,Default,X64,8c5e7fda-e8bf-4a96-9a85-a6e23a8c635c,.NET 8.0,False,True,False,False,Default,Default,False,False,True,Default,Default,Default,Default,Default,Default,Default,Default,Default,Default,Default,Default,Default,Default,Default,Default,Default,16,Default,1048576,10000,"145,925.923 μs",949.4335 μs,888.1007 μs,0.936,0.01,196 B,1.00
ManagedToNative_BufferMemoryCopy,Job-PGQRSE,False,Default,Default,Default,Default,Default,Default,11111111111111111111,Empty,RyuJit,Default,X64,8c5e7fda-e8bf-4a96-9a85-a6e23a8c635c,.NET 8.0,False,True,False,False,Default,Default,False,False,True,Default,Default,Default,Default,Default,Default,Default,Default,Default,Default,Default,Default,Default,Default,Default,Default,Default,16,Default,1048576,10000,"143,370.775 μs",496.7484 μs,464.6587 μs,0.920,0.00,196 B,1.00
ManagedToNative_SpanCopy,Job-PGQRSE,False,Default,Default,Default,Default,Default,Default,11111111111111111111,Empty,RyuJit,Default,X64,8c5e7fda-e8bf-4a96-9a85-a6e23a8c635c,.NET 8.0,False,True,False,False,Default,Default,False,False,True,Default,Default,Default,Default,Default,Default,Default,Default,Default,Default,Default,Default,Default,Default,Default,Default,Default,16,Default,1048576,10000,"143,391.700 μs",315.7138 μs,295.3188 μs,0.920,0.00,196 B,1.00
NativeToManaged_MarshalCopy,Job-PGQRSE,False,Default,Default,Default,Default,Default,Default,11111111111111111111,Empty,RyuJit,Default,X64,8c5e7fda-e8bf-4a96-9a85-a6e23a8c635c,.NET 8.0,False,True,False,False,Default,Default,False,False,True,Default,Default,Default,Default,Default,Default,Default,Default,Default,Default,Default,Default,Default,Default,Default,Default,Default,16,Default,1048576,10000,"150,537.459 μs",660.8953 μs,618.2019 μs,0.966,0.00,196 B,1.00
NativeToManaged_BufferMemoryCopy,Job-PGQRSE,False,Default,Default,Default,Default,Default,Default,11111111111111111111,Empty,RyuJit,Default,X64,8c5e7fda-e8bf-4a96-9a85-a6e23a8c635c,.NET 8.0,False,True,False,False,Default,Default,False,False,True,Default,Default,Default,Default,Default,Default,Default,Default,Default,Default,Default,Default,Default,Default,Default,Default,Default,16,Default,1048576,10000,"143,059.423 μs",863.7938 μs,807.9932 μs,0.918,0.01,196 B,1.00
NativeToNative_BufferMemoryCopy,Job-PGQRSE,False,Default,Default,Default,Default,Default,Default,11111111111111111111,Empty,RyuJit,Default,X64,8c5e7fda-e8bf-4a96-9a85-a6e23a8c635c,.NET 8.0,False,True,False,False,Default,Default,False,False,True,Default,Default,Default,Default,Default,Default,Default,Default,Default,Default,Default,Default,Default,Default,Default,Default,Default,16,Default,1048576,10000,"146,568.384 μs",527.6065 μs,440.5753 μs,0.940,0.00,196 B,1.00
NativeToNative_UnsafeCopyBlock,Job-PGQRSE,False,Default,Default,Default,Default,Default,Default,11111111111111111111,Empty,RyuJit,Default,X64,8c5e7fda-e8bf-4a96-9a85-a6e23a8c635c,.NET 8.0,False,True,False,False,Default,Default,False,False,True,Default,Default,Default,Default,Default,Default,Default,Default,Default,Default,Default,Default,Default,Default,Default,Default,Default,16,Default,1048576,10000,"150,285.042 μs",420.2250 μs,393.0787 μs,0.964,0.00,196 B,1.00
ZeroCopy_FixedPointerPass,Job-PGQRSE,False,Default,Default,Default,Default,Default,Default,11111111111111111111,Empty,RyuJit,Default,X64,8c5e7fda-e8bf-4a96-9a85-a6e23a8c635c,.NET 8.0,False,True,False,False,Default,Default,False,False,True,Default,Default,Default,Default,Default,Default,Default,Default,Default,Default,Default,Default,Default,Default,Default,Default,Default,16,Default,1048576,10000,5.757 μs,0.0078 μs,0.0073 μs,0.000,0.00,0 B,0.00
RoundTrip_ManagedNativeManaged,Job-PGQRSE,False,Default,Default,Default,Default,Default,Default,11111111111111111111,Empty,RyuJit,Default,X64,8c5e7fda-e8bf-4a96-9a85-a6e23a8c635c,.NET 8.0,False,True,False,False,Default,Default,False,False,True,Default,Default,Default,Default,Default,Default,Default,Default,Default,Default,Default,Default,Default,Default,Default,Default,Default,16,Default,1048576,10000,"333,272.489 μs","3,819.2621 μs","3,385.6764 μs",2.138,0.02,784 B,4.00
BatchTransfer_MultipleManagedToNative,Job-PGQRSE,False,Default,Default,Default,Default,Default,Default,11111111111111111111,Empty,RyuJit,Default,X64,8c5e7fda-e8bf-4a96-9a85-a6e23a8c635c,.NET 8.0,False,True,False,False,Default,Default,False,False,True,Default,Default,Default,Default,Default,Default,Default,Default,Default,Default,Default,Default,Default,Default,Default,Default,Default,16,Default,1048576,10000,"2,074,759.559 μs","7,216.9288 μs","6,750.7196 μs",13.308,0.06,1049456 B,"5,354.37"
ManagedToManaged_ArrayCopy,ShortRun,False,Default,Default,Default,Default,Default,Default,11111111111111111111,Empty,RyuJit,Default,X64,8c5e7fda-e8bf-4a96-9a85-a6e23a8c635c,.NET 8.0,False,True,False,True,Default,Default,False,False,True,Default,Default,Default,Default,Default,Default,Default,Default,3,Default,1,Default,Default,Default,Default,Default,Default,16,3,1048576,10000,"153,238.425 μs","19,271.6502 μs","1,056.3442 μs",1.000,0.01,184 B,1.00
ManagedToManaged_SpanCopy,ShortRun,False,Default,Default,Default,Default,Default,Default,11111111111111111111,Empty,RyuJit,Default,X64,8c5e7fda-e8bf-4a96-9a85-a6e23a8c635c,.NET 8.0,False,True,False,True,Default,Default,False,False,True,Default,Default,Default,Default,Default,Default,Default,Default,3,Default,1,Default,Default,Default,Default,Default,Default,16,3,1048576,10000,"160,224.628 μs","18,063.7397 μs",990.1345 μs,1.046,0.01,184 B,1.00
ManagedToManaged_BufferMemoryCopy,ShortRun,False,Default,Default,Default,Default,Default,Default,11111111111111111111,Empty,RyuJit,Default,X64,8c5e7fda-e8bf-4a96-9a85-a6e23a8c635c,.NET 8.0,False,True,False,True,Default,Default,False,False,True,Default,Default,Default,Default,Default,Default,Default,Default,3,Default,1,Default,Default,Default,Default,Default,Default,16,3,1048576,10000,"158,799.465 μs","13,938.6675 μs",764.0254 μs,1.036,0.01,184 B,1.00
ManagedToNative_MarshalCopy,ShortRun,False,Default,Default,Default,Default,Default,Default,11111111111111111111,Empty,RyuJit,Default,X64,8c5e7fda-e8bf-4a96-9a85-a6e23a8c635c,.NET 8.0,False,True,False,True,Default,Default,False,False,True,Default,Default,Default,Default,Default,Default,Default,Default,3,Default,1,Default,Default,Default,Default,Default,Default,16,3,1048576,10000,"146,237.619 μs","16,652.3829 μs",912.7733 μs,0.954,0.01,184 B,1.00
ManagedToNative_BufferMemoryCopy,ShortRun,False,Default,Default,Default,Default,Default,Default,11111111111111111111,Empty,RyuJit,Default,X64,8c5e7fda-e8bf-4a96-9a85-a6e23a8c635c,.NET 8.0,False,True,False,True,Default,Default,False,False,True,Default,Default,Default,Default,Default,Default,Default,Default,3,Default,1,Default,Default,Default,Default,Default,Default,16,3,1048576,10000,"145,003.169 μs","3,167.9178 μs",173.6443 μs,0.946,0.01,184 B,1.00
ManagedToNative_SpanCopy,ShortRun,False,Default,Default,Default,Default,Default,Default,11111111111111111111,Empty,RyuJit,Default,X64,8c5e7fda-e8bf-4a96-9a85-a6e23a8c635c,.NET 8.0,False,True,False,True,Default,Default,False,False,True,Default,Default,Default,Default,Default,Default,Default,Default,3,Default,1,Default,Default,Default,Default,Default,Default,16,3,1048576,10000,"143,341.792 μs","3,067.3488 μs",168.1317 μs,0.935,0.01,184 B,1.00
NativeToManaged_MarshalCopy,ShortRun,False,Default,Default,Default,Default,Default,Default,11111111111111111111,Empty,RyuJit,Default,X64,8c5e7fda-e8bf-4a96-9a85-a6e23a8c635c,.NET 8.0,False,True,False,True,Default,Default,False,False,True,Default,Default,Default,Default,Default,Default,Default,Default,3,Default,1,Default,Default,Default,Default,Default,Default,16,3,1048576,10000,"149,461.621 μs","8,687.0464 μs",476.1663 μs,0.975,0.01,184 B,1.00
NativeToManaged_BufferMemoryCopy,ShortRun,False,Default,Default,Default,Default,Default,Default,11111111111111111111,Empty,RyuJit,Default,X64,8c5e7fda-e8bf-4a96-9a85-a6e23a8c635c,.NET 8.0,False,True,False,True,Default,Default,False,False,True,Default,Default,Default,Default,Default,Default,Default,Default,3,Default,1,Default,Default,Default,Default,Default,Default,16,3,1048576,10000,"146,170.565 μs","4,777.3673 μs",261.8636 μs,0.954,0.01,184 B,1.00
NativeToNative_BufferMemoryCopy,ShortRun,False,Default,Default,Default,Default,Default,Default,11111111111111111111,Empty,RyuJit,Default,X64,8c5e7fda-e8bf-4a96-9a85-a6e23a8c635c,.NET 8.0,False,True,False,True,Default,Default,False,False,True,Default,Default,Default,Default,Default,Default,Default,Default,3,Default,1,Default,Default,Default,Default,Default,Default,16,3,1048576,10000,"150,902.276 μs","16,306.9330 μs",893.8380 μs,0.985,0.01,184 B,1.00
NativeToNative_UnsafeCopyBlock,ShortRun,False,Default,Default,Default,Default,Default,Default,11111111111111111111,Empty,RyuJit,Default,X64,8c5e7fda-e8bf-4a96-9a85-a6e23a8c635c,.NET 8.0,False,True,False,True,Default,Default,False,False,True,Default,Default,Default,Default,Default,Default,Default,Default,3,Default,1,Default,Default,Default,Default,Default,Default,16,3,1048576,10000,"150,320.413 μs","3,599.2331 μs",197.2861 μs,0.981,0.01,184 B,1.00
ZeroCopy_FixedPointerPass,ShortRun,False,Default,Default,Default,Default,Default,Default,11111111111111111111,Empty,RyuJit,Default,X64,8c5e7fda-e8bf-4a96-9a85-a6e23a8c635c,.NET 8.0,False,True,False,True,Default,Default,False,False,True,Default,Default,Default,Default,Default,Default,Default,Default,3,Default,1,Default,Default,Default,Default,Default,Default,16,3,1048576,10000,5.774 μs,0.3166 μs,0.0174 μs,0.000,0.00,0 B,0.00
RoundTrip_ManagedNativeManaged,ShortRun,False,Default,Default,Default,Default,Default,Default,11111111111111111111,Empty,RyuJit,Default,X64,8c5e7fda-e8bf-4a96-9a85-a6e23a8c635c,.NET 8.0,False,True,False,True,Default,Default,False,False,True,Default,Default,Default,Default,Default,Default,Default,Default,3,Default,1,Default,Default,Default,Default,Default,Default,16,3,1048576,10000,"342,419.957 μs","100,892.8361 μs","5,530.2768 μs",2.235,0.03,736 B,4.00
BatchTransfer_MultipleManagedToNative,ShortRun,False,Default,Default,Default,Default,Default,Default,11111111111111111111,Empty,RyuJit,Default,X64,8c5e7fda-e8bf-4a96-9a85-a6e23a8c635c,.NET 8.0,False,True,False,True,Default,Default,False,False,True,Default,Default,Default,Default,Default,Default,Default,Default,3,Default,1,Default,Default,Default,Default,Default,Default,16,3,1048576,10000,"1,825,027.818 μs","2,679,665.1400 μs","146,881.4890 μs",11.910,0.83,1049408 B,"5,703.30"
